{
  "results": [
    {
      "command": "SBCL",
      "mean": 16.08635919024,
      "stddev": null,
      "median": 16.08635919024,
      "user": 15.998766479999999,
      "system": 0.02417068,
      "min": 16.08635919024,
      "max": 16.08635919024,
      "times": [
        16.08635919024
      ],
      "exit_codes": [
        0
      ]
    },
    {
      "command": "ISLISP",
      "mean": 53.10659757724,
      "stddev": null,
      "median": 53.10659757724,
      "user": 58.18667248,
      "system": 0.66556968,
      "min": 53.10659757724,
      "max": 53.10659757724,
      "times": [
        53.10659757724
      ],
      "exit_codes": [
        0
      ]
    }
  ]
}
