{
  "results": [
    {
      "command": "ISLISP 54fc314",
      "mean": 27.333422323140002,
      "stddev": 0.08883081476689882,
      "median": 27.333422323140002,
      "user": 33.57221016,
      "system": 0.49368465999999994,
      "min": 27.270609451640002,
      "max": 27.396235194640003,
      "times": [
        27.270609451640002,
        27.396235194640003
      ],
      "exit_codes": [
        0,
        0
      ]
    },
    {
      "command": "SBCL 2.3.11-2.fc40",
      "mean": 16.28974905114,
      "stddev": 0.2215878586782524,
      "median": 16.28974905114,
      "user": 16.14258416,
      "system": 0.04539815999999999,
      "min": 16.133062773640003,
      "max": 16.44643532864,
      "times": [
        16.133062773640003,
        16.44643532864
      ],
      "exit_codes": [
        0,
        0
      ]
    },
    {
      "command": "CCL Version 1.12.2 (v1.12.2) LinuxX8664",
      "mean": 27.220108327140004,
      "stddev": 0.14408395904369428,
      "median": 27.220108327140004,
      "user": 27.101408659999997,
      "system": 0.015328159999999997,
      "min": 27.11822558264,
      "max": 27.321991071640003,
      "times": [
        27.11822558264,
        27.321991071640003
      ],
      "exit_codes": [
        0,
        0
      ]
    }
  ]
}
