{
  "results": [
    {
      "command": "ISLISP aec9a41",
      "mean": 7.84441047868,
      "stddev": 0.0028985947448567032,
      "median": 7.84441047868,
      "user": 10.24917516,
      "system": 0.38069980000000003,
      "min": 7.8423608626800005,
      "max": 7.84646009468,
      "times": [
        7.8423608626800005,
        7.84646009468
      ],
      "memory_usage_byte": [
        916844544,
        1024667648
      ],
      "exit_codes": [
        0,
        0
      ]
    },
    {
      "command": "SBCL 2.5.9-1.fc43",
      "mean": 10.72809553068,
      "stddev": 0.10857852030660184,
      "median": 10.72809553068,
      "user": 10.67502416,
      "system": 0.0061503,
      "min": 10.65131892268,
      "max": 10.804872138679999,
      "times": [
        10.65131892268,
        10.804872138679999
      ],
      "memory_usage_byte": [
        1024667648,
        1024667648
      ],
      "exit_codes": [
        0,
        0
      ]
    },
    {
      "command": "CCL Version 1.12.2 (v1.12.2) LinuxX8664",
      "mean": 20.273497821680003,
      "stddev": 0.07404769320998214,
      "median": 20.273497821680003,
      "user": 20.155284159999997,
      "system": 0.011107299999999999,
      "min": 20.221138195680002,
      "max": 20.32585744768,
      "times": [
        20.32585744768,
        20.221138195680002
      ],
      "memory_usage_byte": [
        1024667648,
        1024667648
      ],
      "exit_codes": [
        0,
        0
      ]
    }
  ]
}
