{
  "results": [
    {
      "command": "ISLISP ea9f3a3",
      "mean": 36.288409277999996,
      "stddev": 0.01797063235438727,
      "median": 36.288409277999996,
      "user": 41.10920092,
      "system": 0.51352572,
      "min": 36.275702122,
      "max": 36.301116433999994,
      "times": [
        36.301116433999994,
        36.275702122
      ],
      "exit_codes": [
        0,
        0
      ]
    },
    {
      "command": "SBCL 2.3.11-2.fc40",
      "mean": 15.052747479,
      "stddev": 0.01587136667133626,
      "median": 15.052747479,
      "user": 14.934707419999999,
      "system": 0.02801822,
      "min": 15.041524728,
      "max": 15.06397023,
      "times": [
        15.06397023,
        15.041524728
      ],
      "exit_codes": [
        0,
        0
      ]
    },
    {
      "command": "CCL Version 1.12.2 (v1.12.2) LinuxX8664",
      "mean": 25.562428748000002,
      "stddev": 0.008270129993926637,
      "median": 25.562428748000002,
      "user": 25.40310142,
      "system": 0.04693372,
      "min": 25.556580883000002,
      "max": 25.568276613000002,
      "times": [
        25.556580883000002,
        25.568276613000002
      ],
      "exit_codes": [
        0,
        0
      ]
    }
  ]
}
