{
  "results": [
    {
      "command": "ISLISP ea9f3a3",
      "mean": 62.187599836260006,
      "stddev": 1.6009167640853812,
      "median": 62.187599836260006,
      "user": 67.04824886,
      "system": 0.91126266,
      "min": 61.055580736260005,
      "max": 63.31961893626,
      "times": [
        63.31961893626,
        61.055580736260005
      ],
      "exit_codes": [
        0,
        0
      ]
    },
    {
      "command": "SBCL 2.3.11-2.fc40",
      "mean": 17.041152398759998,
      "stddev": 0.010673622005624718,
      "median": 17.041152398759998,
      "user": 16.96024736,
      "system": 0.029076159999999997,
      "min": 17.03360500826,
      "max": 17.04869978926,
      "times": [
        17.03360500826,
        17.04869978926
      ],
      "exit_codes": [
        0,
        0
      ]
    },
    {
      "command": "CCL Version 1.12.2 (v1.12.2) LinuxX8664",
      "mean": 72.07856311776001,
      "stddev": 0.3821221570617602,
      "median": 72.07856311776001,
      "user": 71.72632186,
      "system": 0.09040666,
      "min": 71.80836194926,
      "max": 72.34876428626,
      "times": [
        71.80836194926,
        72.34876428626
      ],
      "exit_codes": [
        0,
        0
      ]
    }
  ]
}
