{
  "results": [
    {
      "command": "SBCL",
      "mean": 1.32923311158,
      "stddev": null,
      "median": 1.32923311158,
      "user": 1.31092364,
      "system": 0.015623399999999999,
      "min": 1.32923311158,
      "max": 1.32923311158,
      "times": [
        1.32923311158
      ],
      "exit_codes": [
        0
      ]
    },
    {
      "command": "ISLISP",
      "mean": 7.93940064458,
      "stddev": null,
      "median": 7.93940064458,
      "user": 11.94355364,
      "system": 0.48852439999999997,
      "min": 7.93940064458,
      "max": 7.93940064458,
      "times": [
        7.93940064458
      ],
      "exit_codes": [
        0
      ]
    }
  ]
}
