{
  "results": [
    {
      "command": "ISLISP 54fc314",
      "mean": 23.21028028488,
      "stddev": 0.13233078085177263,
      "median": 23.21028028488,
      "user": 26.87067604,
      "system": 0.56282192,
      "min": 23.11670829238,
      "max": 23.30385227738,
      "times": [
        23.30385227738,
        23.11670829238
      ],
      "exit_codes": [
        0,
        0
      ]
    },
    {
      "command": "SBCL 2.3.11-2.fc40",
      "mean": 17.854730319879998,
      "stddev": 0.05596773719747421,
      "median": 17.854730319879998,
      "user": 17.727512039999997,
      "system": 0.03011692,
      "min": 17.815155153379997,
      "max": 17.89430548638,
      "times": [
        17.89430548638,
        17.815155153379997
      ],
      "exit_codes": [
        0,
        0
      ]
    },
    {
      "command": "CCL Version 1.12.2 (v1.12.2) LinuxX8664",
      "mean": 77.97008824788,
      "stddev": 0.16112540783277174,
      "median": 77.97008824788,
      "user": 77.58465953999999,
      "system": 0.08868192,
      "min": 77.85615537938,
      "max": 78.08402111638,
      "times": [
        78.08402111638,
        77.85615537938
      ],
      "exit_codes": [
        0,
        0
      ]
    }
  ]
}
