{
  "results": [
    {
      "command": "ISLISP aec9a41",
      "mean": 6.658262315,
      "stddev": 0.42569488514152365,
      "median": 6.658262315,
      "user": 7.92223526,
      "system": 0.34563114,
      "min": 6.357250575,
      "max": 6.959274055,
      "times": [
        6.959274055,
        6.357250575
      ],
      "memory_usage_byte": [
        889389056,
        889389056
      ],
      "exit_codes": [
        0,
        0
      ]
    },
    {
      "command": "SBCL 2.5.9-1.fc43",
      "mean": 11.271887728,
      "stddev": 0.11026858753802489,
      "median": 11.271887728,
      "user": 11.217442259999999,
      "system": 0.01103164,
      "min": 11.193916062,
      "max": 11.349859394,
      "times": [
        11.193916062,
        11.349859394
      ],
      "memory_usage_byte": [
        889389056,
        889389056
      ],
      "exit_codes": [
        0,
        0
      ]
    },
    {
      "command": "CCL Version 1.12.2 (v1.12.2) LinuxX8664",
      "mean": 44.3682639925,
      "stddev": 0.13337045975114353,
      "median": 44.3682639925,
      "user": 44.20001076,
      "system": 0.00549414,
      "min": 44.273956835999996,
      "max": 44.462571149,
      "times": [
        44.273956835999996,
        44.462571149
      ],
      "memory_usage_byte": [
        889389056,
        889389056
      ],
      "exit_codes": [
        0,
        0
      ]
    }
  ]
}
