{
  "results": [
    {
      "command": "SBCL",
      "mean": 20.4142638998,
      "stddev": null,
      "median": 20.4142638998,
      "user": 20.28766618,
      "system": 0.030249619999999998,
      "min": 20.4142638998,
      "max": 20.4142638998,
      "times": [
        20.4142638998
      ],
      "exit_codes": [
        0
      ]
    },
    {
      "command": "ISLISP",
      "mean": 77.1966130468,
      "stddev": null,
      "median": 77.1966130468,
      "user": 79.02895518,
      "system": 0.9547836199999999,
      "min": 77.1966130468,
      "max": 77.1966130468,
      "times": [
        77.1966130468
      ],
      "exit_codes": [
        0
      ]
    }
  ]
}
