{
  "results": [
    {
      "command": "ISLISP 54fc314",
      "mean": 25.59362068422,
      "stddev": 0.017383245115221036,
      "median": 25.59362068422,
      "user": 27.353198059999997,
      "system": 0.5809889199999999,
      "min": 25.58132887372,
      "max": 25.605912494720002,
      "times": [
        25.58132887372,
        25.605912494720002
      ],
      "exit_codes": [
        0,
        0
      ]
    },
    {
      "command": "SBCL 2.3.11-2.fc40",
      "mean": 19.92406253772,
      "stddev": 0.00758916212201235,
      "median": 19.92406253772,
      "user": 19.798156059999997,
      "system": 0.036252919999999994,
      "min": 19.918696189720002,
      "max": 19.92942888572,
      "times": [
        19.92942888572,
        19.918696189720002
      ],
      "exit_codes": [
        0,
        0
      ]
    },
    {
      "command": "CCL Version 1.12.2 (v1.12.2) LinuxX8664",
      "mean": 6.23273233822,
      "stddev": 0.03934468914767782,
      "median": 6.23273233822,
      "user": 6.118168559999999,
      "system": 0.057245420000000005,
      "min": 6.20491144172,
      "max": 6.26055323472,
      "times": [
        6.20491144172,
        6.26055323472
      ],
      "exit_codes": [
        0,
        0
      ]
    }
  ]
}
