{
  "results": [
    {
      "command": "ISLISP ea9f3a3",
      "mean": 66.52795386388,
      "stddev": 0.3731989672863521,
      "median": 66.52795386388,
      "user": 68.88263556,
      "system": 0.8654894399999999,
      "min": 66.26406234338,
      "max": 66.79184538438,
      "times": [
        66.79184538438,
        66.26406234338
      ],
      "exit_codes": [
        0,
        0
      ]
    },
    {
      "command": "SBCL 2.3.11-2.fc40",
      "mean": 18.510849263380003,
      "stddev": 0.06679066479994783,
      "median": 18.510849263380003,
      "user": 18.42351406,
      "system": 0.02710294,
      "min": 18.463621131380002,
      "max": 18.558077395380003,
      "times": [
        18.558077395380003,
        18.463621131380002
      ],
      "exit_codes": [
        0,
        0
      ]
    },
    {
      "command": "CCL Version 1.12.2 (v1.12.2) LinuxX8664",
      "mean": 5.27220749188,
      "stddev": 0.00906808656146702,
      "median": 5.27220749188,
      "user": 5.238607559999999,
      "system": 0.004039439999999999,
      "min": 5.26579538638,
      "max": 5.27861959738,
      "times": [
        5.27861959738,
        5.26579538638
      ],
      "exit_codes": [
        0,
        0
      ]
    }
  ]
}
