{
  "results": [
    {
      "command": "ISLISP aec9a41",
      "mean": 5.11341404962,
      "stddev": 0.3838376596312062,
      "median": 5.11341404962,
      "user": 5.94175398,
      "system": 0.26359404,
      "min": 4.84199983762,
      "max": 5.38482826162,
      "times": [
        5.38482826162,
        4.84199983762
      ],
      "memory_usage_byte": [
        686485504,
        686485504
      ],
      "exit_codes": [
        0,
        0
      ]
    },
    {
      "command": "SBCL 2.5.9-1.fc43",
      "mean": 10.104896278120002,
      "stddev": 0.02488671720906259,
      "median": 10.104896278120002,
      "user": 10.057124479999999,
      "system": 0.00397604,
      "min": 10.08729871162,
      "max": 10.122493844620001,
      "times": [
        10.122493844620001,
        10.08729871162
      ],
      "memory_usage_byte": [
        686485504,
        686485504
      ],
      "exit_codes": [
        0,
        0
      ]
    },
    {
      "command": "CCL Version 1.12.2 (v1.12.2) LinuxX8664",
      "mean": 4.19614034962,
      "stddev": 0.13505616484083177,
      "median": 4.19614034962,
      "user": 4.1759179799999995,
      "system": 0.00154604,
      "min": 4.10064121962,
      "max": 4.291639479620001,
      "times": [
        4.10064121962,
        4.291639479620001
      ],
      "memory_usage_byte": [
        686485504,
        686485504
      ],
      "exit_codes": [
        0,
        0
      ]
    }
  ]
}
