{
  "results": [
    {
      "command": "SBCL 2.3.11-2.fc40",
      "mean": 146.38086990948,
      "stddev": 0.11869604266425297,
      "median": 146.39797392248,
      "user": 146.14846562666665,
      "system": 0.049238746666666666,
      "min": 146.25454974048,
      "max": 146.49008606548,
      "times": [
        146.49008606548,
        146.25454974048,
        146.39797392248
      ],
      "exit_codes": [
        0,
        0,
        0
      ]
    },
    {
      "command": "ISLISP 3820034",
      "mean": 384.4577839598133,
      "stddev": 0.28972034854332,
      "median": 384.33492879847995,
      "user": 391.46069929333333,
      "system": 1.6712010800000001,
      "min": 384.24973457048,
      "max": 384.78868851048,
      "times": [
        384.24973457048,
        384.33492879847995,
        384.78868851048
      ],
      "exit_codes": [
        0,
        0,
        0
      ]
    }
  ]
}
