{
  "results": [
    {
      "command": "SBCL 2.3.11-2.fc40",
      "mean": 15.534598390600001,
      "stddev": 0.05881931626878101,
      "median": 15.539857883600002,
      "user": 15.459378799999998,
      "system": 0.022982226666666664,
      "min": 15.473325952600002,
      "max": 15.5906113356,
      "times": [
        15.473325952600002,
        15.5906113356,
        15.539857883600002
      ],
      "exit_codes": [
        0,
        0,
        0
      ]
    },
    {
      "command": "ISLISP a077828",
      "mean": 50.10670923160001,
      "stddev": 0.9907191337034025,
      "median": 49.7560198126,
      "user": 55.914050133333326,
      "system": 0.47839789333333327,
      "min": 49.3390337396,
      "max": 51.2250741426,
      "times": [
        49.7560198126,
        51.2250741426,
        49.3390337396
      ],
      "exit_codes": [
        0,
        0,
        0
      ]
    }
  ]
}
