{
  "results": [
    {
      "command": "SBCL 2.3.11-2.fc40",
      "mean": 16.61717135536667,
      "stddev": 0.1239287106500835,
      "median": 16.5852662787,
      "user": 16.160295566666665,
      "system": 0.03792214666666666,
      "min": 16.5123146437,
      "max": 16.753933143700003,
      "times": [
        16.5123146437,
        16.753933143700003,
        16.5852662787
      ],
      "exit_codes": [
        0,
        0,
        0
      ]
    },
    {
      "command": "ISLISP 6158790",
      "mean": 46.57899572936666,
      "stddev": 0.5103467907539685,
      "median": 46.6990538157,
      "user": 52.64042756666666,
      "system": 0.5341478133333334,
      "min": 46.0193234247,
      "max": 47.0186099477,
      "times": [
        46.0193234247,
        46.6990538157,
        47.0186099477
      ],
      "exit_codes": [
        0,
        0,
        0
      ]
    }
  ]
}
