{
  "results": [
    {
      "command": "SBCL 2.3.11-2.fc40",
      "mean": 15.734276752573331,
      "stddev": 0.03934265780386052,
      "median": 15.74863385424,
      "user": 15.672010213333332,
      "system": 0.016878406666666665,
      "min": 15.68977193824,
      "max": 15.76442446524,
      "times": [
        15.76442446524,
        15.74863385424,
        15.68977193824
      ],
      "exit_codes": [
        0,
        0,
        0
      ]
    },
    {
      "command": "ISLISP 44ed4ba",
      "mean": 44.90585017924,
      "stddev": 1.0079209284442037,
      "median": 45.256483596239995,
      "user": 51.00352421333333,
      "system": 0.45686074,
      "min": 43.76944203223999,
      "max": 45.69162490924,
      "times": [
        43.76944203223999,
        45.69162490924,
        45.256483596239995
      ],
      "exit_codes": [
        0,
        0,
        0
      ]
    }
  ]
}
