{
  "results": [
    {
      "command": "SBCL 2.3.11-2.fc40",
      "mean": 15.042329093840001,
      "stddev": 0.024765799473563853,
      "median": 15.05291760184,
      "user": 15.002565866666666,
      "system": 0.015374126666666668,
      "min": 15.01402924384,
      "max": 15.06004043584,
      "times": [
        15.05291760184,
        15.01402924384,
        15.06004043584
      ],
      "exit_codes": [
        0,
        0,
        0
      ]
    },
    {
      "command": "ISLISP 5230164",
      "mean": 42.07768572950667,
      "stddev": 0.31091322543818406,
      "median": 42.10988929184,
      "user": 48.096332866666664,
      "system": 0.44663579333333336,
      "min": 41.75192408384,
      "max": 42.37124381284,
      "times": [
        42.10988929184,
        42.37124381284,
        41.75192408384
      ],
      "exit_codes": [
        0,
        0,
        0
      ]
    }
  ]
}
