{
  "results": [
    {
      "command": "SBCL 2.3.11-2.fc40",
      "mean": 15.419423167033335,
      "stddev": 0.008255806943033225,
      "median": 15.4223143477,
      "user": 15.35064878,
      "system": 0.0210798,
      "min": 15.4101106107,
      "max": 15.4258445427,
      "times": [
        15.4223143477,
        15.4101106107,
        15.4258445427
      ],
      "exit_codes": [
        0,
        0,
        0
      ]
    },
    {
      "command": "ISLISP eb309d2",
      "mean": 49.65063907136666,
      "stddev": 0.3914144982358913,
      "median": 49.437742304699995,
      "user": 55.13407311333333,
      "system": 0.4867104666666666,
      "min": 49.4118172207,
      "max": 50.102357688699996,
      "times": [
        49.437742304699995,
        50.102357688699996,
        49.4118172207
      ],
      "exit_codes": [
        0,
        0,
        0
      ]
    }
  ]
}
