{
  "results": [
    {
      "command": "SBCL 2.3.11-2.fc40",
      "mean": 15.11085151002,
      "stddev": 0.12193785821237697,
      "median": 15.11915471402,
      "user": 15.06303426,
      "system": 0.014703333333333332,
      "min": 14.98497425802,
      "max": 15.22842555802,
      "times": [
        15.11915471402,
        14.98497425802,
        15.22842555802
      ],
      "exit_codes": [
        0,
        0,
        0
      ]
    },
    {
      "command": "ISLISP 0b3a6d5",
      "mean": 42.708941815353334,
      "stddev": 0.6322369139440612,
      "median": 42.98045566202,
      "user": 48.72958659333333,
      "system": 0.47264066666666665,
      "min": 41.98630016002,
      "max": 43.160069624020004,
      "times": [
        41.98630016002,
        43.160069624020004,
        42.98045566202
      ],
      "exit_codes": [
        0,
        0,
        0
      ]
    }
  ]
}
