{
  "results": [
    {
      "command": "SBCL 2.3.11-2.fc40",
      "mean": 1.3930569140266666,
      "stddev": 0.014668798952269213,
      "median": 1.3853974873600001,
      "user": 1.3725679533333333,
      "system": 0.013579333333333332,
      "min": 1.38380329636,
      "max": 1.40996995836,
      "times": [
        1.3853974873600001,
        1.38380329636,
        1.40996995836
      ],
      "exit_codes": [
        0,
        0,
        0
      ]
    },
    {
      "command": "ISLISP a077828",
      "mean": 8.069070488693333,
      "stddev": 0.15822607806112754,
      "median": 8.087866182359999,
      "user": 12.661993953333331,
      "system": 0.46686,
      "min": 7.90228606936,
      "max": 8.217059214359999,
      "times": [
        7.90228606936,
        8.087866182359999,
        8.217059214359999
      ],
      "exit_codes": [
        0,
        0,
        0
      ]
    }
  ]
}
