{
  "results": [
    {
      "command": "SBCL 2.3.11-2.fc40",
      "mean": 0.20968993809333333,
      "stddev": 0.007761348954381725,
      "median": 0.20635473176000002,
      "user": 0.19387111333333332,
      "system": 0.014950893333333335,
      "min": 0.20415366476000002,
      "max": 0.21856141776000002,
      "times": [
        0.20415366476000002,
        0.21856141776000002,
        0.20635473176000002
      ],
      "exit_codes": [
        0,
        0,
        0
      ]
    },
    {
      "command": "ISLISP 5230164",
      "mean": 2.480992199093333,
      "stddev": 0.038454171351362317,
      "median": 2.47546544276,
      "user": 4.996525113333333,
      "system": 0.41758589333333335,
      "min": 2.4456004397599997,
      "max": 2.5219107147599997,
      "times": [
        2.47546544276,
        2.4456004397599997,
        2.5219107147599997
      ],
      "exit_codes": [
        0,
        0,
        0
      ]
    }
  ]
}
