{
  "results": [
    {
      "command": "SBCL 2.3.11-2.fc40",
      "mean": 0.20420563272666667,
      "stddev": 0.007856339523427966,
      "median": 0.20278414706,
      "user": 0.19282825333333334,
      "system": 0.010622939999999999,
      "min": 0.19715708406000002,
      "max": 0.21267566706000002,
      "times": [
        0.20278414706,
        0.19715708406000002,
        0.21267566706000002
      ],
      "exit_codes": [
        0,
        0,
        0
      ]
    },
    {
      "command": "ISLISP 0b3a6d5",
      "mean": 2.4458728267266667,
      "stddev": 0.07898417907899317,
      "median": 2.43229630206,
      "user": 5.1493385866666666,
      "system": 0.4181006066666666,
      "min": 2.37455693406,
      "max": 2.53076524406,
      "times": [
        2.37455693406,
        2.53076524406,
        2.43229630206
      ],
      "exit_codes": [
        0,
        0,
        0
      ]
    }
  ]
}
