{
  "results": [
    {
      "command": "SBCL 2.3.11-2.fc40",
      "mean": 0.19609664331333335,
      "stddev": 0.004697552940334175,
      "median": 0.19412116198,
      "user": 0.18074896666666665,
      "system": 0.0139475,
      "min": 0.19270944298,
      "max": 0.20145932498,
      "times": [
        0.20145932498,
        0.19412116198,
        0.19270944298
      ],
      "exit_codes": [
        0,
        0,
        0
      ]
    },
    {
      "command": "ISLISP 8b6f59c",
      "mean": 2.4038842246466667,
      "stddev": 0.055303534047114064,
      "median": 2.4280245159800002,
      "user": 5.070443633333334,
      "system": 0.4327258333333333,
      "min": 2.34061431698,
      "max": 2.44301384098,
      "times": [
        2.34061431698,
        2.44301384098,
        2.4280245159800002
      ],
      "exit_codes": [
        0,
        0,
        0
      ]
    }
  ]
}
