{
  "results": [
    {
      "command": "SBCL 2.3.11-2.fc40",
      "mean": 1.43469264396,
      "stddev": 0.01551892152605303,
      "median": 1.43147812796,
      "user": 1.4107908799999997,
      "system": 0.01519144,
      "min": 1.4210327119600001,
      "max": 1.45156709196,
      "times": [
        1.45156709196,
        1.43147812796,
        1.4210327119600001
      ],
      "exit_codes": [
        0,
        0,
        0
      ]
    },
    {
      "command": "ISLISP 6158790",
      "mean": 11.143593253293332,
      "stddev": 0.07862551007930171,
      "median": 11.14972497496,
      "user": 15.518230546666667,
      "system": 0.54148744,
      "min": 11.06208140896,
      "max": 11.21897337596,
      "times": [
        11.21897337596,
        11.14972497496,
        11.06208140896
      ],
      "exit_codes": [
        0,
        0,
        0
      ]
    }
  ]
}
