{
  "results": [
    {
      "command": "SBCL 2.3.11-2.fc40",
      "mean": 1.40238744662,
      "stddev": 0.004579742933843716,
      "median": 1.40441371762,
      "user": 1.384084073333333,
      "system": 0.014254419999999999,
      "min": 1.39714409662,
      "max": 1.40560452562,
      "times": [
        1.39714409662,
        1.40441371762,
        1.40560452562
      ],
      "exit_codes": [
        0,
        0,
        0
      ]
    },
    {
      "command": "ISLISP 44ed4ba",
      "mean": 10.750668809953334,
      "stddev": 0.13492964955980036,
      "median": 10.77890891662,
      "user": 15.164690406666665,
      "system": 0.5201124199999999,
      "min": 10.60385405962,
      "max": 10.869243453620001,
      "times": [
        10.77890891662,
        10.60385405962,
        10.869243453620001
      ],
      "exit_codes": [
        0,
        0,
        0
      ]
    }
  ]
}
