{
  "results": [
    {
      "command": "SBCL 2.3.11-2.fc40",
      "mean": 1.3650644573000001,
      "stddev": 0.010128110845326518,
      "median": 1.3638179363000003,
      "user": 1.3467623399999997,
      "system": 0.013244213333333333,
      "min": 1.3556173023000002,
      "max": 1.3757581333000002,
      "times": [
        1.3556173023000002,
        1.3638179363000003,
        1.3757581333000002
      ],
      "exit_codes": [
        0,
        0,
        0
      ]
    },
    {
      "command": "ISLISP eb309d2",
      "mean": 7.8918859743,
      "stddev": 0.09570738041065772,
      "median": 7.8563995363000005,
      "user": 12.158100006666665,
      "system": 0.48716187999999994,
      "min": 7.8189901443,
      "max": 8.0002682423,
      "times": [
        7.8189901443,
        7.8563995363000005,
        8.0002682423
      ],
      "exit_codes": [
        0,
        0,
        0
      ]
    }
  ]
}
