{
  "results": [
    {
      "command": "SBCL 2.3.11-2.fc40",
      "mean": 18.193506861526668,
      "stddev": 0.001700114441733572,
      "median": 18.19440733986,
      "user": 18.16099725333333,
      "system": 0.010286513333333332,
      "min": 18.19154591286,
      "max": 18.19456733186,
      "times": [
        18.19456733186,
        18.19154591286,
        18.19440733986
      ],
      "exit_codes": [
        0,
        0,
        0
      ]
    },
    {
      "command": "ISLISP 3820034",
      "mean": 79.51716564819333,
      "stddev": 0.6496593684631679,
      "median": 79.77336573886,
      "user": 83.74036625333333,
      "system": 0.82912718,
      "min": 78.77846882086,
      "max": 79.99966238486,
      "times": [
        79.99966238486,
        79.77336573886,
        78.77846882086
      ],
      "exit_codes": [
        0,
        0,
        0
      ]
    }
  ]
}
