{
  "results": [
    {
      "command": "SBCL 2.3.11-2.fc40",
      "mean": 19.980791293666666,
      "stddev": 0.8791074236275879,
      "median": 20.178171799,
      "user": 19.87599013333333,
      "system": 0.017616459999999997,
      "min": 19.01977247,
      "max": 20.744429612,
      "times": [
        20.744429612,
        20.178171799,
        19.01977247
      ],
      "exit_codes": [
        0,
        0,
        0
      ]
    },
    {
      "command": "ISLISP a077828",
      "mean": 71.95446233266667,
      "stddev": 0.5334134573930981,
      "median": 72.00814283199999,
      "user": 74.12544713333334,
      "system": 0.8821501266666667,
      "min": 71.396238305,
      "max": 72.459005861,
      "times": [
        72.00814283199999,
        72.459005861,
        71.396238305
      ],
      "exit_codes": [
        0,
        0,
        0
      ]
    }
  ]
}
