{
  "results": [
    {
      "command": "SBCL 2.3.11-2.fc40",
      "mean": 20.943826096846667,
      "stddev": 0.06776491877555844,
      "median": 20.96086447418,
      "user": 20.789467913333333,
      "system": 0.029165493333333334,
      "min": 20.86916800518,
      "max": 21.001445811179998,
      "times": [
        20.96086447418,
        21.001445811179998,
        20.86916800518
      ],
      "exit_codes": [
        0,
        0,
        0
      ]
    },
    {
      "command": "ISLISP 6158790",
      "mean": 77.26707679351334,
      "stddev": 1.021004100346874,
      "median": 77.45660756718,
      "user": 79.15055957999999,
      "system": 0.8008984933333333,
      "min": 76.16458726918,
      "max": 78.18003554418,
      "times": [
        77.45660756718,
        76.16458726918,
        78.18003554418
      ],
      "exit_codes": [
        0,
        0,
        0
      ]
    }
  ]
}
