{
  "results": [
    {
      "command": "SBCL 2.3.11-2.fc40",
      "mean": 19.86893062446,
      "stddev": 0.24975486592100785,
      "median": 20.00719528046,
      "user": 19.712295113333333,
      "system": 0.06786736666666666,
      "min": 19.58061878846,
      "max": 20.01897780446,
      "times": [
        20.00719528046,
        19.58061878846,
        20.01897780446
      ],
      "exit_codes": [
        0,
        0,
        0
      ]
    },
    {
      "command": "ISLISP eb309d2",
      "mean": 71.71449261945999,
      "stddev": 2.1033853292474727,
      "median": 72.52256612146,
      "user": 73.96328077999999,
      "system": 0.8021010333333333,
      "min": 69.32690028446,
      "max": 73.29401145246,
      "times": [
        73.29401145246,
        72.52256612146,
        69.32690028446
      ],
      "exit_codes": [
        0,
        0,
        0
      ]
    }
  ]
}
