{
  "results": [
    {
      "command": "SBCL 2.3.11-2.fc40",
      "mean": 1.9068635869533335,
      "stddev": 0.09764269926874827,
      "median": 1.86121253562,
      "user": 1.8927138799999998,
      "system": 0.010554326666666667,
      "min": 1.8404081916200001,
      "max": 2.01897003362,
      "times": [
        1.8404081916200001,
        1.86121253562,
        2.01897003362
      ],
      "exit_codes": [
        0,
        0,
        0
      ]
    },
    {
      "command": "ISLISP 0b3a6d5",
      "mean": 9.720188551286666,
      "stddev": 0.23872874112964343,
      "median": 9.82151818162,
      "user": 12.487090546666664,
      "system": 0.42467865999999993,
      "min": 9.44750877862,
      "max": 9.89153869362,
      "times": [
        9.89153869362,
        9.82151818162,
        9.44750877862
      ],
      "exit_codes": [
        0,
        0,
        0
      ]
    }
  ]
}
