{
  "results": [
    {
      "command": "SBCL 2.3.11-2.fc40",
      "mean": 20.069733758153333,
      "stddev": 0.3052946143740423,
      "median": 19.91007094682,
      "user": 19.965405793333332,
      "system": 0.014997006666666667,
      "min": 19.87737838682,
      "max": 20.42175194082,
      "times": [
        20.42175194082,
        19.91007094682,
        19.87737838682
      ],
      "exit_codes": [
        0,
        0,
        0
      ]
    },
    {
      "command": "ISLISP 44ed4ba",
      "mean": 74.97010152815334,
      "stddev": 0.7087471422555411,
      "median": 75.01204174382,
      "user": 77.01111245999999,
      "system": 0.7103496733333333,
      "min": 74.24131557182001,
      "max": 75.65694726882,
      "times": [
        74.24131557182001,
        75.01204174382,
        75.65694726882
      ],
      "exit_codes": [
        0,
        0,
        0
      ]
    }
  ]
}
