{
  "results": [
    {
      "command": "SBCL 2.3.11-2.fc40",
      "mean": 1.8899510305266667,
      "stddev": 0.02222044771864275,
      "median": 1.89693150886,
      "user": 1.8738526666666668,
      "system": 0.012507819999999998,
      "min": 1.86507848586,
      "max": 1.9078430968600002,
      "times": [
        1.9078430968600002,
        1.89693150886,
        1.86507848586
      ],
      "exit_codes": [
        0,
        0,
        0
      ]
    },
    {
      "command": "ISLISP 5230164",
      "mean": 9.469029224193333,
      "stddev": 0.05559796058326455,
      "median": 9.49272955086,
      "user": 12.09812,
      "system": 0.4361264866666667,
      "min": 9.40550842986,
      "max": 9.50884969186,
      "times": [
        9.49272955086,
        9.50884969186,
        9.40550842986
      ],
      "exit_codes": [
        0,
        0,
        0
      ]
    }
  ]
}
